Category,Main_Title,Sub_Title,Type,Link
,Truss on way to Downing Street for first speech as PM,The new prime minister has landed in London after meeting the Queen and will speak shortly outside Number 10.,UK Politics,https://www.bbc.com/news/live/uk-politics-62802807
,Boris Johnson's leaving speech fact-checked,The new prime minister has landed in London after meeting the Queen and will speak shortly outside Number 10.,Reality Check,https://www.bbc.com/news/62806217
,'She died helping people and we have to pick up that torch',The new prime minister has landed in London after meeting the Queen and will speak shortly outside Number 10.,Canada,https://www.bbc.com/news/world-us-canada-62804826
,Is the world overpopulated?,The new prime minister has landed in London after meeting the Queen and will speak shortly outside Number 10.,Future,https://www.bbc.com/future/article/20220905-is-the-world-overpopulated
,A 'Venice' in a sun-baked US desert,The new prime minister has landed in London after meeting the Queen and will speak shortly outside Number 10.,Travel,https://www.bbc.com/travel/article/20220905-the-watery-secret-of-ancient-north-america
News,Pakistan fights to stop biggest lake from bursting,A previous attempt to drain the lake failed - and flood levels are still dangerously high.,Asia,https://www.bbc.com/news/world-asia-62764224
News,Anger over China lockdown during earthquake,Some say they tried to flee during an earthquake but found their gates locked due to Covid restrictions.,China,https://www.bbc.com/news/world-asia-china-62804213
News,Canada stabbings: Hunt for surviving suspect after brother found dead,Police hunt for the surviving suspect accused of killing 10 in Saskatchewan after his brother was found dead.,US & Canada,https://www.bbc.com/news/live/world-us-canada-62811629
Sport,Nadal not sure when he will return after US Open exit,Rafael Nadal says he does not know when he will play again after losing in the US Open fourth round.,Tennis,https://www.bbc.com/sport/tennis/62802845
Sport,Reunions & British drama - Champions League is back,"From swift player reunions, all-British drama and nightmare groups, here are the key things to look out for as the Champions League returns this week.",European Football,https://www.bbc.com/sport/football/62703822
Sport,Can Celtic frustrate all-conquering Ancelotti again?,"Carlo Ancelotti has not won on three previous managerial visits to Celtic Park, but the Scottish champions must improve their recent home European record to continue the trend.",Football,https://www.bbc.com/sport/football/62727538
,The greatest conspiracy in ancient sculpture,,,https://www.bbc.com/reel/video/p0crtd9v/chromophobia-who-stole-the-colour-from-classical-art-
,The meteoric rise and dramatic fall of Boris Johnson,,,https://www.bbc.com/reel/video/p0cyfx5n/the-rise-and-fall-of-boris-johnson
,The best time of day to exercise to boost your fitness,,,https://www.bbc.com/reel/video/p0cx58pc/when-is-the-best-time-to-exercise-
Editor’s Picks,The neglected trait that drives success,"How cultivating curiosity leads to better learning, creativity and wellbeing",Worklife,https://www.bbc.com/worklife/article/20220831-curiosity-the-neglected-trait-that-drives-success
Editor’s Picks,A comfort food that survived a war,Very few know how to make this traditional teapot stew,Travel,https://www.bbc.com/travel/article/20220904-the-kabul-restaurant-preserving-the-teapot-stew-tradition
Editor’s Picks,Harry Styles' new film is a big miss,Our verdict on 'half-baked' thriller Don't Worry Darling,Culture,https://www.bbc.com/culture/article/20220905-dont-worry-darling-is-full-of-half-baked-risk-free-ideas
Editor’s Picks,How to tweet like an Ancient Greek,Why Epicureanism shows us how to thrive on the internet,Future,https://www.bbc.com/future/article/20220901-the-epicurean-guide-to-digital-life
Editor’s Picks,Finalists announced: 6 short cinematic masterpieces,Watch the trailers of short films exploring unexpected journeys,LongShots,https://www.bbc.com/culture/article/20220830-longshots-2022-six-outstanding-short-films-to-stream
Editor’s Picks,How did Putin mark Gorbachev's death? Our quiz...,"Test your knowledge of the news - 10 questions, 10 seconds each",US,https://www.bbc.com/news/world-us-canada-62763889
Editor’s Picks,He was protecting the oceans - then he disappeared,The death of an American fishing observer hundreds of miles from shore has shone a light on a hidden...,US,https://www.bbc.com/news/world-us-canada-62603911
,The ignored potential of human poo,,,https://www.bbc.com/future/article/20220830-the-new-science-of-recycling-human-poo
,Why Auckland is the 'spongiest' city,,,https://www.bbc.com/future/article/20220823-how-auckland-worlds-most-spongy-city-tackles-floods
,The elephant buses safeguarding kids,,,https://www.bbc.com/future/article/20220816-the-botswana-buses-tackling-human-elephant-conflict
,How India is building a pearl farming industry,,Business,https://www.bbc.com/news/business-62204515
,'There were no women in my field so I found my own way',,Business,https://www.bbc.com/news/business-62719779
Featured video,"'This is it, folks' - Johnson's speech in full",Outgoing Prime Minister Boris Johnson speaks to the nation outside No 10 Downing Street.,UK Politics,https://www.bbc.com/news/uk-politics-62804887
Featured video,"'This is it, folks' - Johnson's speech in...",Outgoing Prime Minister Boris Johnson speaks to the nation outside No 10 Downing Street.,UK Politics,https://www.bbc.com/news/uk-politics-62804887
Featured video,Hermit faces eviction from beachside cave...,Outgoing Prime Minister Boris Johnson speaks to the nation outside No 10 Downing Street.,Middle East,https://www.bbc.com/news/world-middle-east-62799226
Featured video,It is very nice to be back in the UK - Meghan,Outgoing Prime Minister Boris Johnson speaks to the nation outside No 10 Downing Street.,UK,https://www.bbc.com/news/uk-62799840
Featured video,Sunak on his future: I don't plan on going...,Outgoing Prime Minister Boris Johnson speaks to the nation outside No 10 Downing Street.,UK Politics,https://www.bbc.com/news/uk-politics-62798503
Featured video,Moment Liz Truss announced as new Tory leader,Outgoing Prime Minister Boris Johnson speaks to the nation outside No 10 Downing Street.,UK Politics,https://www.bbc.com/news/uk-politics-62795284
Featured video,Winner Truss thanks friend Boris Johnson,Outgoing Prime Minister Boris Johnson speaks to the nation outside No 10 Downing Street.,UK Politics,https://www.bbc.com/news/uk-politics-62798500
Featured video,Tory leader Liz Truss' first speech in full,Outgoing Prime Minister Boris Johnson speaks to the nation outside No 10 Downing Street.,UK Politics,https://www.bbc.com/news/uk-politics-62795283
Featured video,'Why I made a film about my addiction',Outgoing Prime Minister Boris Johnson speaks to the nation outside No 10 Downing Street.,Leicester,https://www.bbc.com/news/uk-england-leicestershire-62579943
Featured video,Chinese motorcyclists join wildfire battle,Outgoing Prime Minister Boris Johnson speaks to the nation outside No 10 Downing Street.,China,https://www.bbc.com/news/world-asia-china-62770119
Featured video,The paintings good enough to eat,Outgoing Prime Minister Boris Johnson speaks to the nation outside No 10 Downing Street.,India,https://www.bbc.com/news/world-asia-india-62763005
More around the BBC,China approves inhaled Covid vaccine,"Inhaled as a fine mist, Convidecia Air can provide good protection after just one breath, its maker...",Health,https://www.bbc.com/news/health-62793078
More around the BBC,Nasa's Moon rocket will need leak repair,"Inhaled as a fine mist, Convidecia Air can provide good protection after just one breath, its maker...",Science & Environment,https://www.bbc.com/news/science-environment-62758482
More around the BBC,Critics mixed on Harry Styles' latest film,"Inhaled as a fine mist, Convidecia Air can provide good protection after just one breath, its maker...",Entertainment & Arts,https://www.bbc.com/news/entertainment-arts-62805065
More around the BBC,Bed Bath & Beyond finance chief falls to his death,"Inhaled as a fine mist, Convidecia Air can provide good protection after just one breath, its maker...",Business,https://www.bbc.com/news/business-62791167
More around the BBC,Thousands fill shopping centre for YouTuber burger,"Inhaled as a fine mist, Convidecia Air can provide good protection after just one breath, its maker...",Technology,https://www.bbc.com/news/technology-62794444
More around the BBC,Farms and pubs to get chance to bid for £110m fund,"Inhaled as a fine mist, Convidecia Air can provide good protection after just one breath, its maker...",Science & Environment,https://www.bbc.com/news/science-environment-62772480
More around the BBC,Russia bars actors Ben Stiller and Sean Penn,"Inhaled as a fine mist, Convidecia Air can provide good protection after just one breath, its maker...",Europe,https://www.bbc.com/news/world-europe-62806655
,The inside scoop on ice cream innovation,,Business,https://www.bbc.com/news/business-62745767
,UK looks to Sweden for a solution to nuclear waste,,Business,https://www.bbc.com/news/business-62677534
World in pictures,Boy's stunning stag shot scoops top award,,London,https://www.bbc.com/news/uk-england-london-62750748
World in pictures,Africa's top shots: Tears of joy and celebrating bishops,,Africa,https://www.bbc.com/news/world-africa-62751874
World in pictures,Is this ape really cuddling a pet mongoose?,,Science & Environment,https://www.bbc.com/news/science-environment-62724822
World in pictures,In pictures: The life of Mikhail Gorbachev,,Europe,https://www.bbc.com/news/world-europe-62732829
World in pictures,A photographic mission to show us the Moon,,Science & Environment,https://www.bbc.com/news/science-environment-62662685
